<world>
	<floor width="10" level="1"/>
	<floor width="10" level="2"/>
	
	<agent name="Al" height="186" weight="85" strength="" alive="true">
		<action id="goto" />
		<action id="take" />
		<action id="stab" />
		<action id="choke" />
		<goal name ="DyshIsDead" negate="false">
			<condition layout="" operator="">
				<param instance="Dysh" attribute="Alive" value="false" negate="false" />
			</condition>
		</goal>
	</agent>
	
	<agent name="Dysh" height="170" weight="70" strength="" alive="true" />
	
	<object name="knife" type="blade" posx="" posy="" />
	
</world>